Name,Email,Age
Armando Leonard,scelerisque.neque@Nullaegetmetus.ca,32
Colette Prince,vitae.odio@dapibusgravida.co.uk,23
Oleg Chen,at@sit.co.uk,18
Camilla Boyer,Quisque@metusurnaconvallis.ca,18
Zorita Dyer,Nam.porttitor.scelerisque@dolorsit.org,18
Holly Valencia,sem.magna.nec@Suspendisse.com,18
Chastity Berger,sed.tortor@vitaepurus.co.uk,18
Ronan Allen,consectetuer.cursus@dolorquam.ca,28
Wylie Hopper,pharetra@erosturpis.co.uk,15
Carl Frederick,ornare.lectus@imperdietnon.org,15
Conan Shelton,velit.justo.nec@urnaNuncquis.ca,6
Simon Harrington,non.justo.Proin@ridiculus.edu,18
Jordan Castillo,mauris@Uttinciduntorci.org,12
Derek Erickson,Aliquam.nec@auctorquis.com,18
Harding Hurst,Praesent.eu.nulla@eratneque.net,18
Emerson Schultz,ac.mi@aliquetvel.edu,6
Britanni Hubbard,lectus.a@cubiliaCuraePhasellus.ca,18
Sonia Chandler,id.ante.Nunc@vel.edu,31
Dara Stephens,luctus.felis@dapibusrutrum.ca,42
Warren Chen,sit.amet@acsem.ca,18
Rafael Mcclain,dictum.cursus.Nunc@cursus.net,7
Aretha Sawyer,libero.Morbi@consequat.net,21
Yvette Alvarado,In@et.org,18
Scarlett Morin,odio.auctor@nibhenim.com,18
Branden Neal,ornare.In@anteMaecenas.org,39
Demetria Stein,adipiscing@sociis.co.uk,18
Jocelyn Dawson,et@mus.net,17
Karyn Mooney,pharetra.ut.pharetra@pulvinararcuet.org,22
Ignatius Rosario,bibendum@commodotinciduntnibh.com,18
Kelsey Cunningham,nec.tempus@Aenean.ca,4
Adrienne Haney,imperdiet.non@Suspendissenonleo.edu,18
Shelby Abbott,nulla.magna@mattisvelitjusto.edu,18
Jena Estrada,id.ante.dictum@vel.edu,23
Lois Wilkinson,eget.ipsum.Suspendisse@Quisqueornare.ca,18
Jasper Reid,Duis.sit@cursus.net,18
Renee Miles,tempus@non.edu,18
Elmo Sosa,Phasellus@posuereenimnisl.co.uk,18
Regan Phillips,fames.ac@lobortisClassaptent.edu,6
Andrew Burch,adipiscing@Phasellusdolorelit.co.uk,28
Todd Blackburn,tincidunt.tempus.risus@id.ca,28
Marah Lowe,auctor@erat.com,18
Ivy Maddox,ac.sem.ut@aenim.org,46
Claudia Lindsey,Curabitur.sed.tortor@at.edu,18
Giselle Crosby,a.purus@eleifendegestasSed.co.uk,18
Kevin Wood,diam.vel.arcu@erateget.co.uk,18
Hilda Stuart,est.mollis@estNuncullamcorper.co.uk,45
Fatima Blankenship,egestas@ipsum.co.uk,27
Kyla Matthews,ultrices@Aenean.ca,3
Jenette Johns,varius@ornare.edu,47
Ashely Alexander,in.aliquet.lobortis@aliquet.ca,1
Chancellor Conway,nibh@anteipsum.net,26
Karen Payne,Donec@Maecenasliberoest.ca,28
Vladimir Dixon,purus.ac@felis.com,18
Aquila Zimmerman,ante.Nunc.mauris@etlaciniavitae.org,41
Cain Richards,sagittis.semper@luctusaliquet.edu,21
Scarlett Odom,Nunc.sollicitudin.commodo@cursus.ca,33
Cheyenne Barnett,ullamcorper.nisl@ultricesposuere.co.uk,33
Jena Stewart,interdum@pellentesquetellus.org,14
Simon Colon,Nullam@Quisquenonummyipsum.org,18
Taylor Mejia,Duis@nequeNullam.ca,17
Emma Roth,tempor@vestibulum.com,18
Dane Cochran,metus.Aliquam.erat@Nunccommodoauctor.com,45
Mercedes Lynn,sed.pede@ante.ca,5
Walter Buckley,velit@mus.net,13
Farrah Maldonado,Aliquam.adipiscing@tortoratrisus.com,24
Priscilla Dalton,euismod.mauris@nuncac.edu,27
Amos Madden,nunc@duinec.net,18
Angelica Beasley,aliquet@Praesent.edu,18
Uriel Estes,aliquet.Proin.velit@etlaciniavitae.net,35
Renee Shaffer,cubilia.Curae@tristiquepellentesquetellus.ca,2
Ivan Rowland,urna.nec.luctus@dictumcursus.edu,32
Matthew Sellers,Vivamus.non.lorem@nondui.net,18
Amela Duke,lectus.a.sollicitudin@turpisegestasAliquam.ca,32
Dakota Buchanan,magna.Nam.ligula@eu.ca,44
Laura Wise,augue.eu.tellus@eget.co.uk,27
Nehru Sharp,aliquet@euodio.net,18
Cassandra Lucas,malesuada@tempusscelerisquelorem.ca,18
Amity Wells,Fusce.aliquam@felis.co.uk,15
Reagan Malone,mollis.Phasellus@penatibus.org,36
Melyssa Rios,erat@Quisquepurussapien.org,19
Carson Goff,sociis.natoque.penatibus@montesnasceturridiculus.com,12
Julian Mayer,aliquam.enim@Craspellentesque.com,41
Anjolie Richmond,Nulla.dignissim.Maecenas@ametultriciessem.ca,48
Jasmine Warner,facilisis.Suspendisse@Nullatempor.co.uk,14
Ria Waters,nonummy@Curabituregestasnunc.net,18
Joan Saunders,sit.amet.ante@acrisusMorbi.co.uk,41
Murphy Knapp,massa.Vestibulum.accumsan@Duis.com,1
Ashely Warner,Curae.Phasellus.ornare@inceptoshymenaeosMauris.ca,20
Hall Reyes,eu.metus@nunc.net,44
Octavia Dennis,nisl.Maecenas@euduiCum.co.uk,18
Rinah Larsen,lobortis.ultrices.Vivamus@molestieSed.org,9
Harding Riley,turpis.In.condimentum@ideratEtiam.ca,36
Preston Barnes,Sed@Aliquamfringillacursus.com,22
Vernon Long,Duis.gravida.Praesent@acfacilisis.co.uk,7
Alma Mayo,Curabitur.dictum@consectetuer.net,18
Oleg Key,orci.lacus@quamdignissim.org,24
Lila Curry,sit@turpisNullaaliquet.org,18
Lars Gilliam,Proin.nisl@euneque.co.uk,18
Destiny Cantu,odio.a@adipiscingMauris.ca,18
Noelani Grant,fermentum.convallis@convallisincursus.org,18