,Name,Email,Age
2,Oleg Chen,at@sit.co.uk,18
3,Camilla Boyer,Quisque@metusurnaconvallis.ca,18
4,Zorita Dyer,Nam.porttitor.scelerisque@dolorsit.org,18
5,Holly Valencia,sem.magna.nec@Suspendisse.com,18
6,Chastity Berger,sed.tortor@vitaepurus.co.uk,18
11,Simon Harrington,non.justo.Proin@ridiculus.edu,18
13,Derek Erickson,Aliquam.nec@auctorquis.com,18
14,Harding Hurst,Praesent.eu.nulla@eratneque.net,18
16,Britanni Hubbard,lectus.a@cubiliaCuraePhasellus.ca,18
19,Warren Chen,sit.amet@acsem.ca,18
22,Yvette Alvarado,In@et.org,18
23,Scarlett Morin,odio.auctor@nibhenim.com,18
25,Demetria Stein,adipiscing@sociis.co.uk,18
28,Ignatius Rosario,bibendum@commodotinciduntnibh.com,18
30,Adrienne Haney,imperdiet.non@Suspendissenonleo.edu,18
31,Shelby Abbott,nulla.magna@mattisvelitjusto.edu,18
33,Lois Wilkinson,eget.ipsum.Suspendisse@Quisqueornare.ca,18
34,Jasper Reid,Duis.sit@cursus.net,18
35,Renee Miles,tempus@non.edu,18
36,Elmo Sosa,Phasellus@posuereenimnisl.co.uk,18
40,Marah Lowe,auctor@erat.com,18
42,Claudia Lindsey,Curabitur.sed.tortor@at.edu,18
43,Giselle Crosby,a.purus@eleifendegestasSed.co.uk,18
44,Kevin Wood,diam.vel.arcu@erateget.co.uk,18
52,Vladimir Dixon,purus.ac@felis.com,18
58,Simon Colon,Nullam@Quisquenonummyipsum.org,18
60,Emma Roth,tempor@vestibulum.com,18
66,Amos Madden,nunc@duinec.net,18
67,Angelica Beasley,aliquet@Praesent.edu,18
71,Matthew Sellers,Vivamus.non.lorem@nondui.net,18
75,Nehru Sharp,aliquet@euodio.net,18
76,Cassandra Lucas,malesuada@tempusscelerisquelorem.ca,18
84,Ria Waters,nonummy@Curabituregestasnunc.net,18
89,Octavia Dennis,nisl.Maecenas@euduiCum.co.uk,18
94,Alma Mayo,Curabitur.dictum@consectetuer.net,18
96,Lila Curry,sit@turpisNullaaliquet.org,18
97,Lars Gilliam,Proin.nisl@euneque.co.uk,18
98,Destiny Cantu,odio.a@adipiscingMauris.ca,18
99,Noelani Grant,fermentum.convallis@convallisincursus.org,18
